"\"CS98\",\"OK\",\"sandbox\",\"Summer '23 Patch 16.4\""
"\"CS87\",\"OK\",\"sandbox\",\"Summer '23 Patch 16.4\""
"\"CS31\",\"OK\",\"sandbox\",\"Summer '23 Patch 16.4\""
"\"CS80\",\"OK\",\"sandbox\",\"Summer '23 Patch 16.4\""
"\"CS32\",\"OK\",\"sandbox\",\"Summer '23 Patch 11.4\""
"\"NA21\",\"OK\",\"production\",\"Summer '23 Patch 16\""
"\"CS41\",\"OK\",\"sandbox\",\"Summer '23 Patch 16.4\""
"\"AP3\",\"OK\",\"production\",\"Summer '23 Patch 16.4\""
"\"CS89\",\"OK\",\"sandbox\",\"Summer '23 Patch 16.4\""
"\"CS4\",\"OK\",\"sandbox\",\"Summer '23 Patch 16.4\""
"\"NA99\",\"OK\",\"production\",\"Summer '23 Patch 16.2\""
"\"CS59\",\"OK\",\"sandbox\",\"Summer '23 Patch 16.4\""
"\"CS28\",\"OK\",\"sandbox\",\"Summer '23 Patch 16.4\""
"\"CS24\",\"OK\",\"sandbox\",\"Summer '23 Patch 16.4\""
"\"CS63\",\"OK\",\"sandbox\",\"Summer '23 Patch 16.4\""
"\"CS62\",\"OK\",\"sandbox\",\"Summer '23 Patch 16.4\""
"\"CS58\",\"OK\",\"sandbox\",\"Summer '23 Patch 16.4\""
"\"CS81\",\"OK\",\"sandbox\",\"Summer '23 Patch 16.4\""
"\"CS42\",\"OK\",\"sandbox\",\"Summer '23 Patch 16.4\""
"\"CS60\",\"OK\",\"sandbox\",\"Summer '23 Patch 16.4\""
"\"CS22\",\"OK\",\"sandbox\",\"Summer '23 Patch 16.4\""
"\"CS44\",\"OK\",\"sandbox\",\"Summer '23 Patch 16.4\""
"\"CS45\",\"OK\",\"sandbox\",\"Summer '23 Patch 16.4\""
"\"AP0\",\"OK\",\"production\",\"Summer '23 Patch 16.4\""
"\"EU25\",\"OK\",\"production\",\"Summer '23 Patch 16.4\""
"\"AP28\",\"OK\",\"production\",\"Summer '23 Patch 16.4\""
"\"CS2\",\"OK\",\"sandbox\",\"Summer '23 Patch 16.4\""
"\"CS40\",\"OK\",\"sandbox\",\"Summer '23 Patch 16.4\""
"\"CS57\",\"OK\",\"sandbox\",\"Summer '23 Patch 16.4\""
"\"AP5\",\"OK\",\"production\",\"Summer '23 Patch 16.2\""
"\"EU26\",\"OK\",\"production\",\"Summer '23 Patch 16.4\""
"\"NA104\",\"OK\",\"production\",\"Summer '23 Patch 16.4\""
"\"CS99\",\"OK\",\"sandbox\",\"Summer '23 Patch 16.4\""
"\"CS61\",\"OK\",\"sandbox\",\"Summer '23 Patch 16.4\""
"\"AP4\",\"OK\",\"production\",\"Summer '23 Patch 16.2\""
"\"CS33\",\"OK\",\"sandbox\",\"Summer '23 Patch 11.4\""
"\"CS1\",\"OK\",\"sandbox\",\"Summer '23 Patch 16.4\""
"\"CS86\",\"OK\",\"sandbox\",\"Summer '23 Patch 16.4\""
"\"CS5\",\"OK\",\"sandbox\",\"Summer '23 Patch 16.4\""
"\"CS88\",\"OK\",\"sandbox\",\"Summer '23 Patch 16.4\""
"\"NA105\",\"OK\",\"production\",\"Summer '23 Patch 16.4\""
"\"CS6\",\"OK\",\"sandbox\",\"Summer '23 Patch 16.4\""
"\"CS84\",\"OK\",\"sandbox\",\"Summer '23 Patch 16.4\""
"\"CS72\",\"OK\",\"sandbox\",\"Summer '23 Patch 16.4\""
"\"AP9\",\"OK\",\"production\",\"Summer '23 Patch 16.4\""
"\"CS115\",\"OK\",\"sandbox\",\"Summer '23 Patch 16.4\""
"\"CS116\",\"OK\",\"sandbox\",\"Summer '23 Patch 16.4\""
"\"AP6\",\"OK\",\"production\",\"Summer '23 Patch 16.2\""
"\"AP7\",\"OK\",\"production\",\"Summer '23 Patch 16.4\""
"\"EU16\",\"OK\",\"production\",\"Summer '23 Patch 16.2\""
"\"EU19\",\"OK\",\"production\",\"Summer '23 Patch 16.4\""
"\"CS100\",\"OK\",\"sandbox\",\"Summer '23 Patch 16.4\""
"\"CS101\",\"OK\",\"sandbox\",\"Summer '23 Patch 16.4\""
"\"CS102\",\"OK\",\"sandbox\",\"Summer '23 Patch 16.4\""
"\"NA102\",\"OK\",\"production\",\"Summer '23 Patch 16.1\""
"\"CS105\",\"OK\",\"sandbox\",\"Summer '23 Patch 16.4\""
"\"CS106\",\"OK\",\"sandbox\",\"Summer '23 Patch 16.4\""
"\"CS107\",\"OK\",\"sandbox\",\"Summer '23 Patch 16.4\""
"\"CS108\",\"OK\",\"sandbox\",\"Summer '23 Patch 16.4\""
"\"CS109\",\"OK\",\"sandbox\",\"Summer '23 Patch 16.4\""
"\"NA103\",\"OK\",\"production\",\"Summer '23 Patch 16.4\""
"\"AP20\",\"OK\",\"production\",\"Summer '23 Patch 16.2\""
"\"EU18\",\"OK\",\"production\",\"Summer '23 Patch 16.2\""
"\"NA129\",\"OK\",\"production\",\"Summer '23 Patch 16.2\""
"\"EU17\",\"OK\",\"production\",\"Summer '23 Patch 16.4\""
"\"AP21\",\"OK\",\"production\",\"Summer '23 Patch 16.4\""
"\"NA130\",\"OK\",\"production\",\"Summer '23 Patch 16.2\""
"\"NA83\",\"OK\",\"production\",\"Summer '23 Patch 16.4\""
"\"CS73\",\"OK\",\"sandbox\",\"Summer '23 Patch 16.4\""
"\"CS74\",\"OK\",\"sandbox\",\"Summer '23 Patch 16.4\""
"\"CS75\",\"OK\",\"sandbox\",\"Summer '23 Patch 16.4\""
"\"CS76\",\"OK\",\"sandbox\",\"Summer '23 Patch 16.4\""
"\"NA85\",\"OK\",\"production\",\"Summer '23 Patch 16.4\""
"\"AP14\",\"OK\",\"production\",\"Summer '23 Patch 16.4\""
"\"CS137\",\"OK\",\"sandbox\",\"Summer '23 Patch 16.4\""
"\"NA80\",\"OK\",\"production\",\"Summer '23 Patch 16.2\""
"\"NA90\",\"OK\",\"production\",\"Summer '23 Patch 16.2\""
"\"AP22\",\"OK\",\"production\",\"Summer '23 Patch 16.2\""
"\"NA96\",\"OK\",\"production\",\"Summer '23 Patch 16.4\""
"\"NA75\",\"OK\",\"production\",\"Summer '23 Patch 16.2\""
"\"NA95\",\"OK\",\"production\",\"Summer '23 Patch 16.2\""
"\"NA94\",\"OK\",\"production\",\"Summer '23 Patch 16.4\""
"\"NA93\",\"OK\",\"production\",\"Summer '23 Patch 16.2\""
"\"NA92\",\"OK\",\"production\",\"Summer '23 Patch 16.2\""
"\"CS138\",\"OK\",\"sandbox\",\"Summer '23 Patch 16.4\""
"\"AP8\",\"OK\",\"production\",\"Summer '23 Patch 16.2\""
"\"AP15\",\"OK\",\"production\",\"Summer '23 Patch 16.4\""
"\"UM5\",\"OK\",\"production\",\"Summer '23 Patch 16.4\""
"\"CS110\",\"OK\",\"sandbox\",\"Summer '23 Patch 16.4\""
"\"UM1\",\"OK\",\"production\",\"Summer '23 Patch 16.4\""
"\"UM2\",\"OK\",\"production\",\"Summer '23 Patch 16.4\""
"\"UM3\",\"OK\",\"production\",\"Summer '23 Patch 16.4\""
"\"UM4\",\"OK\",\"production\",\"Summer '23 Patch 16.4\""
"\"EU32\",\"OK\",\"production\",\"Summer '23 Patch 16.4\""
"\"EU43\",\"OK\",\"production\",\"Summer '23 Patch 16.2\""
"\"EU45\",\"OK\",\"production\",\"Summer '23 Patch 16.2\""
"\"NA151\",\"OK\",\"production\",\"Summer '23 Patch 16.4\""
"\"NA153\",\"OK\",\"production\",\"Summer '23 Patch 16.4\""
"\"CS173\",\"OK\",\"sandbox\",\"Summer '23 Patch 16.4\""
"\"CS174\",\"OK\",\"sandbox\",\"Summer '23 Patch 16.4\""
"\"CS189\",\"OK\",\"sandbox\",\"Summer '23 Patch 16.4\""
"\"NA118\",\"OK\",\"production\",\"Summer '23 Patch 16.4\""
"\"NA125\",\"OK\",\"production\",\"Summer '23 Patch 16.2\""
"\"NA172\",\"OK\",\"production\",\"Summer '23 Patch 16.2\""
"\"NA120\",\"OK\",\"production\",\"Summer '23 Patch 16.2\""
"\"CS165\",\"OK\",\"sandbox\",\"Summer '23 Patch 16.4\""
"\"CS194\",\"OK\",\"sandbox\",\"Summer '23 Patch 16.4\""
"\"CS196\",\"OK\",\"sandbox\",\"Summer '23 Patch 16.4\""
"\"CS198\",\"OK\",\"sandbox\",\"Summer '23 Patch 16.4\""
"\"CS169\",\"OK\",\"sandbox\",\"Summer '23 Patch 16.4\""
"\"NA121\",\"OK\",\"production\",\"Summer '23 Patch 16.2\""
"\"CS195\",\"OK\",\"sandbox\",\"Summer '23 Patch 16.4\""
"\"NA137\",\"OK\",\"production\",\"Summer '23 Patch 16.2\""
"\"NA150\",\"OK\",\"production\",\"Summer '23 Patch 16.4\""
"\"NA171\",\"OK\",\"production\",\"Summer '23 Patch 16.4\""
"\"NA139\",\"OK\",\"production\",\"Summer '23 Patch 16.4\""
"\"USA3S\",\"OK\",\"sandbox\",\"Summer '23 Patch 16.4\""
"\"USA2S\",\"OK\",\"sandbox\",\"Summer '23 Patch 16.4\""
"\"NA134\",\"OK\",\"production\",\"Summer '23 Patch 16.4\""
"\"NA126\",\"OK\",\"production\",\"Summer '23 Patch 16.4\""
"\"AP12\",\"OK\",\"production\",\"Summer '23 Patch 16.4\""
"\"AP10\",\"OK\",\"production\",\"Summer '23 Patch 16.2\""
"\"AP16\",\"OK\",\"production\",\"Summer '23 Patch 16.2\""
"\"AP17\",\"OK\",\"production\",\"Summer '23 Patch 16.4\""
"\"CS197\",\"OK\",\"sandbox\",\"Summer '23 Patch 16.4\""
"\"NA128\",\"OK\",\"production\",\"Summer '23 Patch 16.4\""
"\"CS121\",\"OK\",\"sandbox\",\"Summer '23 Patch 16.4\""
"\"CS127\",\"OK\",\"sandbox\",\"Summer '23 Patch 16.4\""
"\"CS126\",\"OK\",\"sandbox\",\"Summer '23 Patch 16.4\""
"\"CS113\",\"OK\",\"sandbox\",\"Summer '23 Patch 16.4\""
"\"CS117\",\"OK\",\"sandbox\",\"Summer '23 Patch 16.4\""
"\"CS129\",\"OK\",\"sandbox\",\"Summer '23 Patch 16.4\""
"\"CS152\",\"OK\",\"sandbox\",\"Summer '23 Patch 16.4\""
"\"CS132\",\"OK\",\"sandbox\",\"Summer '23 Patch 16\""
"\"CS151\",\"OK\",\"sandbox\",\"Summer '23 Patch 16.4\""
"\"CS148\",\"OK\",\"sandbox\",\"Summer '23 Patch 15.5\""
"\"CS159\",\"OK\",\"sandbox\",\"Summer '23 Patch 16.4\""
"\"NA98\",\"OK\",\"production\",\"Summer '23 Patch 16.2\""
"\"NA155\",\"OK\",\"production\",\"Summer '23 Patch 16.4\""
"\"NA133\",\"OK\",\"production\",\"Summer '23 Patch 16.4\""
"\"NA111\",\"OK\",\"production\",\"Summer '23 Patch 16.2\""
"\"NA119\",\"OK\",\"production\",\"Summer '23 Patch 16.2\""
"\"NA142\",\"OK\",\"production\",\"Summer '23 Patch 16.4\""
"\"NA115\",\"OK\",\"production\",\"Summer '23 Patch 16.4\""
"\"NA113\",\"OK\",\"production\",\"Summer '23 Patch 16.2\""
"\"AP11\",\"OK\",\"production\",\"Summer '23 Patch 16.2\""
"\"AP13\",\"OK\",\"production\",\"Summer '23 Patch 16.2\""
"\"AP18\",\"OK\",\"production\",\"Summer '23 Patch 16.4\""
"\"AP19\",\"OK\",\"production\",\"Summer '23 Patch 16.2\""
"\"UM7\",\"OK\",\"production\",\"Summer '23 Patch 16.4\""
"\"NA138\",\"OK\",\"production\",\"Summer '23 Patch 16.4\""
"\"CS119\",\"OK\",\"sandbox\",\"Summer '23 Patch 16.4\""
"\"CS112\",\"OK\",\"sandbox\",\"Summer '23 Patch 16.4\""
"\"CS111\",\"OK\",\"sandbox\",\"Summer '23 Patch 16.4\""
"\"CS122\",\"OK\",\"sandbox\",\"Summer '23 Patch 16.4\""
"\"CS114\",\"OK\",\"sandbox\",\"Summer '23 Patch 16.4\""
"\"CS128\",\"OK\",\"sandbox\",\"Summer '23 Patch 16.4\""
"\"CS124\",\"OK\",\"sandbox\",\"Summer '23 Patch 16.4\""
"\"CS125\",\"OK\",\"sandbox\",\"Summer '23 Patch 16.4\""
"\"CS133\",\"OK\",\"sandbox\",\"Summer '23 Patch 16\""
"\"CS123\",\"OK\",\"sandbox\",\"Summer '23 Patch 16.4\""
"\"CS142\",\"OK\",\"sandbox\",\"Summer '23 Patch 16.4\""
"\"UM6\",\"OK\",\"production\",\"Summer '23 Patch 16.4\""
"\"NA132\",\"OK\",\"production\",\"Summer '23 Patch 16.2\""
"\"NA146\",\"OK\",\"production\",\"Summer '23 Patch 16.2\""
"\"NA100\",\"OK\",\"production\",\"Summer '23 Patch 16.2\""
"\"NA107\",\"OK\",\"production\",\"Summer '23 Patch 16\""
"\"NA127\",\"OK\",\"production\",\"Summer '23 Patch 16.2\""
"\"NA131\",\"OK\",\"production\",\"Summer '23 Patch 16.2\""
"\"NA136\",\"OK\",\"production\",\"Summer '23 Patch 16.2\""
"\"NA135\",\"OK\",\"production\",\"Summer '23 Patch 16.4\""
"\"NA112\",\"OK\",\"production\",\"Summer '23 Patch 16.2\""
"\"NA124\",\"OK\",\"production\",\"Summer '23 Patch 16.4\""
"\"NA110\",\"OK\",\"production\",\"Summer '23 Patch 16.2\""
"\"NA114\",\"OK\",\"production\",\"Summer '23 Patch 16.2\""
"\"NA116\",\"OK\",\"production\",\"Summer '23 Patch 16.3\""
"\"NA141\",\"OK\",\"production\",\"Summer '23 Patch 16.2\""
"\"NA101\",\"OK\",\"production\",\"Summer '23 Patch 16.2\""
"\"NA154\",\"OK\",\"production\",\"Summer '23 Patch 16.4\""
"\"NA109\",\"OK\",\"production\",\"Summer '23 Patch 16.2\""
"\"NA122\",\"OK\",\"production\",\"Summer '23 Patch 16.4\""
"\"NA117\",\"OK\",\"production\",\"Summer '23 Patch 16.4\""
"\"IND1\",\"OK\",\"production\",\"Summer '23 Patch 16.2\""
"\"IND2S\",\"OK\",\"sandbox\",\"Summer '23 Patch 16.4\""
"\"NA123\",\"OK\",\"production\",\"Summer '23 Patch 16.2\""
"\"NA147\",\"OK\",\"production\",\"Summer '23 Patch 16.2\""
"\"IND3S\",\"OK\",\"sandbox\",\"Summer '23 Patch 16.4\""
"\"EU29\",\"OK\",\"production\",\"Summer '23 Patch 16.4\""
"\"EU27\",\"OK\",\"production\",\"Summer '23 Patch 16.4\""
"\"NA140\",\"OK\",\"production\",\"Summer '23 Patch 16.4\""
"\"NA148\",\"OK\",\"production\",\"Summer '23 Patch 16.2\""
"\"CS190\",\"OK\",\"sandbox\",\"Summer '23 Patch 16.4\""
"\"EU31\",\"OK\",\"production\",\"Summer '23 Patch 16.4\""
"\"USA1\",\"OK\",\"production\",\"Summer '23 Patch 16.2\""
"\"CS191\",\"OK\",\"sandbox\",\"Summer '23 Patch 16.4\""
"\"EU30\",\"OK\",\"production\",\"Summer '23 Patch 16.4\""
"\"EU28\",\"OK\",\"production\",\"Summer '23 Patch 16.2\""
"\"CS192\",\"OK\",\"sandbox\",\"Summer '23 Patch 16.4\""
"\"EU34\",\"OK\",\"production\",\"Summer '23 Patch 16.2\""
"\"EU36\",\"OK\",\"production\",\"Summer '23 Patch 16.2\""
"\"EU40\",\"OK\",\"production\",\"Summer '23 Patch 16.2\""
"\"EU37\",\"OK\",\"production\",\"Summer '23 Patch 16.4\""
"\"EU39\",\"OK\",\"production\",\"Summer '23 Patch 16.2\""
"\"EU33\",\"OK\",\"production\",\"Summer '23 Patch 16.2\""
"\"CS193\",\"OK\",\"sandbox\",\"Summer '23 Patch 16.4\""
"\"EU38\",\"OK\",\"production\",\"Summer '23 Patch 16.4\""
"\"EU42\",\"OK\",\"production\",\"Summer '23 Patch 16.2\""
"\"EU35\",\"OK\",\"production\",\"Summer '23 Patch 16.4\""
"\"EU41\",\"OK\",\"production\",\"Summer '23 Patch 16.4\""
"\"NA196\",\"OK\",\"production\",\"Summer '23 Patch 16.2\""
"\"NA174\",\"OK\",\"production\",\"Summer '23 Patch 16.2\""
"\"CS199\",\"OK\",\"sandbox\",\"Summer '23 Patch 16.4\""
"\"NA173\",\"OK\",\"production\",\"Summer '23 Patch 16.4\""
"\"CS201\",\"OK\",\"sandbox\",\"Summer '23 Patch 16.4\""
"\"CS160\",\"OK\",\"sandbox\",\"Summer '23 Patch 16.4\""
"\"CS162\",\"OK\",\"sandbox\",\"Summer '23 Patch 16.4\""
"\"CS203\",\"OK\",\"sandbox\",\"Summer '23 Patch 16.4\""
"\"AP25\",\"OK\",\"production\",\"Summer '23 Patch 16.2\""
"\"AP27\",\"OK\",\"production\",\"Summer '23 Patch 16.2\""
"\"AP24\",\"OK\",\"production\",\"Summer '23 Patch 16.4\""
"\"IND5\",\"OK\",\"production\",\"Summer '23 Patch 16.2\""
"\"AP26\",\"OK\",\"production\",\"Summer '23 Patch 16.2\""
"\"IND7\",\"OK\",\"production\",\"Summer '23 Patch 16.2\""
"\"IND9\",\"OK\",\"production\",\"Summer '23 Patch 16.2\""
"\"NA159\",\"OK\",\"production\",\"Summer '23 Patch 16.2\""
"\"CS200\",\"OK\",\"sandbox\",\"Summer '23 Patch 16.4\""
"\"NA152\",\"OK\",\"production\",\"Summer '23 Patch 16.4\""
"\"CS202\",\"OK\",\"sandbox\",\"Summer '23 Patch 16.4\""
"\"NA156\",\"OK\",\"production\",\"Summer '23 Patch 16.4\""
"\"NA149\",\"OK\",\"production\",\"Summer '23 Patch 16.2\""
"\"NA158\",\"OK\",\"production\",\"Summer '23 Patch 16.4\""
"\"NA214\",\"OK\",\"production\",\"Summer '23 Patch 16\""
"\"NA215\",\"OK\",\"production\",\"Summer '23 Patch 16\""
"\"CS166\",\"OK\",\"sandbox\",\"Summer '23 Patch 16.4\""
"\"CS167\",\"OK\",\"sandbox\",\"Summer '23 Patch 16.4\""
"\"CS171\",\"OK\",\"sandbox\",\"Summer '23 Patch 16.4\""
"\"NA163\",\"OK\",\"production\",\"Summer '23 Patch 16.4\""
"\"CS172\",\"OK\",\"sandbox\",\"Summer '23 Patch 16.4\""
"\"NA162\",\"OK\",\"production\",\"Summer '23 Patch 16.4\""
"\"NA165\",\"OK\",\"production\",\"Summer '23 Patch 16.2\""
"\"EU44\",\"OK\",\"production\",\"Summer '23 Patch 16.4\""
"\"EU46\",\"OK\",\"production\",\"Summer '23 Patch 16.4\""
"\"EU47\",\"OK\",\"production\",\"Summer '23 Patch 16.4\""
"\"EU48\",\"OK\",\"production\",\"Summer '23 Patch 16.4\""
"\"NA204\",\"OK\",\"production\",\"Summer '23 Patch 16.4\""
"\"NA160\",\"OK\",\"production\",\"Summer '23 Patch 16.4\""
"\"NA217\",\"OK\",\"production\",\"Summer '23 Patch 16\""
"\"JPN2S\",\"OK\",\"sandbox\",\"Summer '23 Patch 16.4\""
"\"CAN4S\",\"OK\",\"sandbox\",\"Summer '23 Patch 16.4\""
"\"IND13\",\"OK\",\"production\",\"Summer '23 Patch 16.2\""
"\"AUS7\",\"OK\",\"production\",\"Summer '23 Patch 16.4\""
"\"NA218\",\"OK\",\"production\",\"Summer '23 Patch 16\""
"\"JPN4S\",\"OK\",\"sandbox\",\"Summer '23 Patch 16.4\""
"\"AUS3\",\"OK\",\"production\",\"Summer '23 Patch 16.2\""
"\"NA168\",\"OK\",\"production\",\"Summer '23 Patch 16.3\""
"\"CS170\",\"OK\",\"sandbox\",\"Summer '23 Patch 16.4\""
"\"NA161\",\"OK\",\"production\",\"Summer '23 Patch 16.2\""
"\"AUS1\",\"OK\",\"production\",\"Summer '23 Patch 16.4\""
"\"USA26\",\"OK\",\"production\",\"Summer '23 Patch 16.4\""
"\"AUS2S\",\"OK\",\"sandbox\",\"Summer '23 Patch 16.4\""
"\"UM8\",\"OK\",\"production\",\"Summer '23 Patch 16.4\""
"\"NA170\",\"OK\",\"production\",\"Summer '23 Patch 16.2\""
"\"CAN1\",\"OK\",\"production\",\"Summer '23 Patch 16.4\""
"\"AUS4S\",\"OK\",\"sandbox\",\"Summer '23 Patch 16.4\""
"\"IND15\",\"OK\",\"production\",\"Summer '23 Patch 16.2\""
"\"AUS22S\",\"OK\",\"sandbox\",\"Summer '23 Patch 16.4\""
"\"CAN2S\",\"OK\",\"sandbox\",\"Summer '23 Patch 16.4\""
"\"AUS5\",\"OK\",\"production\",\"Summer '23 Patch 16.2\""
"\"IND6S\",\"OK\",\"sandbox\",\"Summer '23 Patch 16.4\""
"\"AUS23\",\"OK\",\"production\",\"Summer '23 Patch 16.2\""
"\"NA166\",\"OK\",\"production\",\"Summer '23 Patch 16.2\""
"\"IND16S\",\"OK\",\"sandbox\",\"Summer '23 Patch 16.4\""
"\"AUS24S\",\"OK\",\"sandbox\",\"Summer '23 Patch 16.4\""
"\"NA169\",\"OK\",\"production\",\"Summer '23 Patch 16.4\""
"\"NA167\",\"OK\",\"production\",\"Summer '23 Patch 16.2\""
"\"AUS9\",\"OK\",\"production\",\"Summer '23 Patch 16.4\""
"\"NA164\",\"OK\",\"production\",\"Summer '23 Patch 16.2\""
"\"IND4S\",\"OK\",\"sandbox\",\"Summer '23 Patch 16.4\""
"\"AUS25\",\"OK\",\"production\",\"Summer '23 Patch 16.2\""
"\"AUS26S\",\"OK\",\"sandbox\",\"Summer '23 Patch 16.4\""
"\"AUS11\",\"OK\",\"production\",\"Summer '23 Patch 16.4\""
"\"UM9\",\"OK\",\"production\",\"Summer '23 Patch 16.4\""
"\"IND18S\",\"OK\",\"sandbox\",\"Summer '23 Patch 16.4\""
"\"AUS27\",\"OK\",\"production\",\"Summer '23 Patch 16.2\""
"\"JPN1\",\"OK\",\"production\",\"Summer '23 Patch 16.4\""
"\"AUS6S\",\"OK\",\"sandbox\",\"Summer '23 Patch 16.4\""
"\"IND23\",\"OK\",\"production\",\"Summer '23 Patch 16.2\""
"\"AUS43\",\"OK\",\"production\",\"Summer '23 Patch 16.2\""
"\"IND11\",\"OK\",\"production\",\"Summer '23 Patch 16.2\""
"\"CS234\",\"OK\",\"sandbox\",\"Summer '23 Patch 16\""
"\"CS209\",\"OK\",\"sandbox\",\"Summer '23 Patch 16.4\""
"\"CS210\",\"OK\",\"sandbox\",\"Summer '23 Patch 16.4\""
"\"CS211\",\"OK\",\"sandbox\",\"Summer '23 Patch 16.4\""
"\"CS212\",\"OK\",\"sandbox\",\"Summer '23 Patch 16.4\""
"\"CS213\",\"OK\",\"sandbox\",\"Summer '23 Patch 16.4\""
"\"CS214\",\"OK\",\"sandbox\",\"Summer '23 Patch 16.4\""
"\"CS215\",\"OK\",\"sandbox\",\"Summer '23 Patch 16.4\""
"\"CS216\",\"OK\",\"sandbox\",\"Summer '23 Patch 16.4\""
"\"CS217\",\"OK\",\"sandbox\",\"Summer '23 Patch 16.4\""
"\"CS218\",\"OK\",\"sandbox\",\"Summer '23 Patch 16.4\""
"\"CS219\",\"OK\",\"sandbox\",\"Summer '23 Patch 16.4\""
"\"CS220\",\"OK\",\"sandbox\",\"Summer '23 Patch 16.4\""
"\"DEU1\",\"OK\",\"production\",\"Summer '23 Patch 16.4\""
"\"DEU2S\",\"OK\",\"sandbox\",\"Summer '23 Patch 16.4\""
"\"DEU4S\",\"OK\",\"sandbox\",\"Summer '23 Patch 16.4\""
"\"BRA2S\",\"OK\",\"sandbox\",\"Summer '23 Patch 16.4\""
"\"BRA4S\",\"OK\",\"sandbox\",\"Summer '23 Patch 16.4\""
"\"SGP1\",\"OK\",\"production\",\"Summer '23 Patch 16.2\""
"\"SGP2S\",\"OK\",\"sandbox\",\"Summer '23 Patch 16.4\""
"\"SGP4S\",\"OK\",\"sandbox\",\"Summer '23 Patch 16.4\""
"\"FRA1\",\"OK\",\"production\",\"Summer '23 Patch 16.4\""
"\"FRA2S\",\"OK\",\"sandbox\",\"Summer '23 Patch 16.4\""
"\"FRA4S\",\"OK\",\"sandbox\",\"Summer '23 Patch 16.4\""
"\"NA207\",\"OK\",\"production\",\"Summer '23 Patch 16.4\""
"\"NA211\",\"OK\",\"production\",\"Summer '23 Patch 16.2\""
"\"NA212\",\"OK\",\"production\",\"Summer '23 Patch 16.4\""
"\"NA206\",\"OK\",\"production\",\"Summer '23 Patch 16.2\""
"\"NA208\",\"OK\",\"production\",\"Summer '23 Patch 16.4\""
"\"NA209\",\"OK\",\"production\",\"Summer '23 Patch 16.4\""
"\"NA213\",\"OK\",\"production\",\"Summer '23 Patch 16.2\""
"\"NA210\",\"OK\",\"production\",\"Summer '23 Patch 16.2\""
"\"USA7\",\"OK\",\"production\",\"Summer '23 Patch 16.4\""
"\"USA8S\",\"OK\",\"sandbox\",\"Summer '23 Patch 16.4\""
"\"BRA1\",\"OK\",\"production\",\"Summer '23 Patch 16.4\""
"\"CAN11\",\"OK\",\"production\",\"Summer '23 Patch 16.4\""
"\"CAN17\",\"OK\",\"production\",\"Summer '23 Patch 16.4\""
"\"CAN6S\",\"OK\",\"sandbox\",\"Summer '23 Patch 16.4\""
"\"CAN8S\",\"OK\",\"sandbox\",\"Summer '23 Patch 16.4\""
"\"JPN3\",\"OK\",\"production\",\"Summer '23 Patch 16.4\""
"\"JPN5\",\"OK\",\"production\",\"Summer '23 Patch 16.4\""
"\"JPN7\",\"OK\",\"production\",\"Summer '23 Patch 16.4\""
"\"JPN6S\",\"OK\",\"sandbox\",\"Summer '23 Patch 16.4\""
"\"JPN8S\",\"OK\",\"sandbox\",\"Summer '23 Patch 16.4\""
"\"JPN10S\",\"OK\",\"sandbox\",\"Summer '23 Patch 16.4\""
"\"JPN12S\",\"OK\",\"sandbox\",\"Summer '23 Patch 16.4\""
"\"IND19\",\"OK\",\"production\",\"Summer '23 Patch 16.2\""
"\"IND21\",\"OK\",\"production\",\"Summer '23 Patch 16.2\""
"\"AUS14S\",\"OK\",\"sandbox\",\"Summer '23 Patch 16.4\""
"\"AUS28S\",\"OK\",\"sandbox\",\"Summer '23 Patch 16.4\""
"\"AUS36S\",\"OK\",\"sandbox\",\"Summer '23 Patch 16.4\""
"\"USA13\",\"OK\",\"production\",\"Summer '23 Patch 16.4\""
"\"USA20S\",\"OK\",\"sandbox\",\"Summer '23 Patch 16.4\""
"\"USA22S\",\"OK\",\"sandbox\",\"Summer '23 Patch 16.4\""
"\"IND17\",\"OK\",\"production\",\"Summer '23 Patch 14.3\""
"\"IND25\",\"OK\",\"production\",\"Summer '23 Patch 16.2\""
"\"IND27\",\"OK\",\"production\",\"Summer '23 Patch 16.2\""
"\"IND14S\",\"OK\",\"sandbox\",\"Summer '23 Patch 16.4\""
"\"IND20S\",\"OK\",\"sandbox\",\"Summer '23 Patch 16.4\""
"\"IND10S\",\"OK\",\"sandbox\",\"Summer '23 Patch 16.4\""
"\"IND22S\",\"OK\",\"sandbox\",\"Summer '23 Patch 16.4\""
"\"IND8S\",\"OK\",\"sandbox\",\"Summer '23 Patch 16.4\""
"\"DEU3\",\"OK\",\"production\",\"Summer '23 Patch 16.4\""
"\"DEU6S\",\"OK\",\"sandbox\",\"Summer '23 Patch 16.4\""
"\"DEU8S\",\"OK\",\"sandbox\",\"Summer '23 Patch 16.4\""
"\"JPN17\",\"OK\",\"production\",\"Summer '23 Patch 16.4\""
"\"JPN19\",\"OK\",\"production\",\"Summer '23 Patch 16.4\""
"\"JPN21\",\"OK\",\"production\",\"Summer '23 Patch 16.4\""
"\"JPN18S\",\"OK\",\"sandbox\",\"Summer '23 Patch 16.4\""
"\"JPN20S\",\"OK\",\"sandbox\",\"Summer '23 Patch 16.4\""
"\"JPN22S\",\"OK\",\"sandbox\",\"Summer '23 Patch 16.4\""
"\"JPN24S\",\"OK\",\"sandbox\",\"Summer '23 Patch 16.4\""
"\"JPN28S\",\"OK\",\"sandbox\",\"Summer '23 Patch 16.4\""
"\"AUS13\",\"OK\",\"production\",\"Summer '23 Patch 16.2\""
"\"AUS16S\",\"OK\",\"sandbox\",\"Summer '23 Patch 16.4\""
"\"AUS18S\",\"OK\",\"sandbox\",\"Summer '23 Patch 16.4\""
"\"AUS20S\",\"OK\",\"sandbox\",\"Summer '23 Patch 16.4\""
"\"AUS38S\",\"OK\",\"sandbox\",\"Summer '23 Patch 16.4\""
"\"AUS47\",\"OK\",\"production\",\"Summer '23 Patch 16.2\""
"\"CS221\",\"OK\",\"sandbox\",\"Summer '23 Patch 16.4\""
"\"CS223\",\"OK\",\"sandbox\",\"Summer '23 Patch 16.4\""
"\"CS225\",\"OK\",\"sandbox\",\"Summer '23 Patch 16.4\""
"\"CS222\",\"OK\",\"sandbox\",\"Summer '23 Patch 16.4\""
"\"CS224\",\"OK\",\"sandbox\",\"Summer '23 Patch 16.4\""
"\"CS226\",\"OK\",\"sandbox\",\"Summer '23 Patch 16.4\""
"\"BRA3\",\"OK\",\"production\",\"Summer '23 Patch 16.4\""
"\"FRA5\",\"OK\",\"production\",\"Summer '23 Patch 16.4\""
"\"FRA7\",\"OK\",\"production\",\"Summer '23 Patch 16.4\""
"\"FRA19\",\"OK\",\"production\",\"Summer '23 Patch 16.4\""
"\"SGP3\",\"OK\",\"production\",\"Summer '23 Patch 16.4\""
"\"FRA6S\",\"OK\",\"sandbox\",\"Summer '23 Patch 16.4\""
"\"FRA8S\",\"OK\",\"sandbox\",\"Summer '23 Patch 16.4\""
"\"FRA12S\",\"OK\",\"sandbox\",\"Summer '23 Patch 16.4\""
"\"FRA24S\",\"OK\",\"sandbox\",\"Summer '23 Patch 16.4\""
"\"FRA32\",\"OK\",\"production\",\"Summer '23 Patch 16.4\""
"\"SGP10\",\"OK\",\"production\",\"Summer '23 Patch 16.4\""
"\"SGP6S\",\"OK\",\"sandbox\",\"Summer '23 Patch 16.4\""
"\"SGP8S\",\"OK\",\"sandbox\",\"Summer '23 Patch 16.4\""
"\"BRA6S\",\"OK\",\"sandbox\",\"Summer '23 Patch 16.4\""
"\"BRA8S\",\"OK\",\"sandbox\",\"Summer '23 Patch 16.4\""
"\"IND37\",\"OK\",\"production\",\"Summer '23 Patch 16.2\""
"\"IND39\",\"OK\",\"production\",\"Spring '23 Patch 17.2\""
"\"IND41\",\"OK\",\"production\",\"Summer '23 Patch 16.2\""
"\"IND43\",\"OK\",\"production\",\"Spring '23 Patch 19.18\""
"\"IND12S\",\"OK\",\"sandbox\",\"Summer '23 Patch 16.4\""
"\"IND24S\",\"OK\",\"sandbox\",\"Summer '23 Patch 16.4\""
"\"IND26S\",\"OK\",\"sandbox\",\"Summer '23 Patch 16.4\""
"\"IND28S\",\"OK\",\"sandbox\",\"Summer '23 Patch 16.4\""
"\"DEU5\",\"OK\",\"production\",\"Summer '23 Patch 16.4\""
"\"DEU10S\",\"OK\",\"sandbox\",\"Summer '23 Patch 16.4\""
"\"DEU12S\",\"OK\",\"sandbox\",\"Summer '23 Patch 16.4\""
"\"DEU14S\",\"OK\",\"sandbox\",\"Summer '23 Patch 16.4\""
"\"DEU16S\",\"OK\",\"sandbox\",\"Summer '23 Patch 16.4\""
"\"CS308\",\"OK\",\"sandbox\",\"Summer '23 Patch 16\""
"\"NA219\",\"OK\",\"production\",\"Summer '23 Patch 16\""
"\"AUS75\",\"OK\",\"production\",\"Summer '23 Patch 16.4\""
"\"AUS77\",\"OK\",\"production\",\"Summer '23 Patch 16.4\""
"\"CAN25\",\"OK\",\"production\",\"Summer '23 Patch 16.4\""
"\"CAN26\",\"OK\",\"production\",\"Summer '23 Patch 16.4\""
"\"CAN27\",\"OK\",\"production\",\"Summer '23 Patch 16.4\""
"\"CAN28\",\"OK\",\"production\",\"Summer '23 Patch 16.4\""
"\"CAN29\",\"OK\",\"production\",\"Summer '23 Patch 16.4\""
"\"CAN20S\",\"OK\",\"sandbox\",\"Summer '23 Patch 16.4\""
"\"BRA5\",\"OK\",\"production\",\"Summer '23 Patch 16.4\""
"\"IND47\",\"OK\",\"production\",\"Summer '23 Patch 16.2\""
"\"IND54S\",\"OK\",\"sandbox\",\"Summer '23 Patch 16.2\""
"\"FRA9\",\"OK\",\"production\",\"Summer '23 Patch 16.4\""
"\"FRA11\",\"OK\",\"production\",\"Summer '23 Patch 16.4\""
"\"FRA34\",\"OK\",\"production\",\"Summer '23 Patch 16.4\""
"\"DEU11\",\"OK\",\"production\",\"Summer '23 Patch 16.4\""
"\"DEU13\",\"OK\",\"production\",\"Summer '23 Patch 16.4\""
"\"DEU25\",\"OK\",\"production\",\"Summer '23 Patch 16.4\""
"\"DEU36\",\"OK\",\"production\",\"Summer '23 Patch 16.4\""
"\"DEU38\",\"OK\",\"production\",\"Summer '23 Patch 16.4\""
"\"DEU20S\",\"OK\",\"sandbox\",\"Summer '23 Patch 16.4\""
"\"USA15\",\"OK\",\"production\",\"Summer '23 Patch 16.4\""
"\"USA17\",\"OK\",\"production\",\"Summer '23 Patch 16.4\""
"\"USA19\",\"OK\",\"production\",\"Summer '23 Patch 16.4\""
"\"USA34\",\"OK\",\"production\",\"Summer '23 Patch 16.4\""
"\"USA36\",\"OK\",\"production\",\"Summer '23 Patch 16.2\""
"\"USA59\",\"OK\",\"production\",\"Summer '23 Patch 16.4\""
"\"USA28S\",\"OK\",\"sandbox\",\"Summer '23 Patch 16.4\""
"\"USA30S\",\"OK\",\"sandbox\",\"Summer '23 Patch 16.4\""
"\"USA32S\",\"OK\",\"sandbox\",\"Summer '23 Patch 16.4\""
"\"USA60S\",\"OK\",\"sandbox\",\"Summer '23 Patch 16.4\""
"\"USA62S\",\"OK\",\"sandbox\",\"Summer '23 Patch 16.4\""
"\"USA61\",\"OK\",\"production\",\"Summer '23 Patch 16.4\""
"\"FRA36\",\"OK\",\"production\",\"Summer '23 Patch 16.4\""
"\"GBR4S\",\"OK\",\"sandbox\",\"Summer '23 Patch 16.4\""
"\"GBR2S\",\"OK\",\"sandbox\",\"Summer '23 Patch 16.4\""
"\"GBR1\",\"OK\",\"production\",\"Summer '23 Patch 16.4\""
"\"USA9906S\",\"OK\",\"sandbox\",\"Summer '22 Patch 15.3\""
"\"USA9914\",\"OK\",\"production\",\"Summer '23 Patch 8.2\""
"\"USA9916S\",\"OK\",\"sandbox\",\"Summer '23 Patch 8.2\""
"\"KOR1\",\"OK\",\"production\",\"Summer '23 Patch 16.4\""
"\"KOR2S\",\"OK\",\"sandbox\",\"Summer '23 Patch 16.4\""
"\"KOR4S\",\"OK\",\"sandbox\",\"Summer '23 Patch 16.4\""
"\"SWE1\",\"OK\",\"production\",\"Summer '23 Patch 16.4\""
"\"SWE2S\",\"OK\",\"sandbox\",\"Summer '23 Patch 16.4\""
"\"SWE4S\",\"OK\",\"sandbox\",\"Summer '23 Patch 16.4\""
"\"NA223\",\"OK\",\"production\",\"Summer '23 Patch 16.2\""
"\"NA225\",\"OK\",\"production\",\"Summer '23 Patch 16.2\""
"\"NA224\",\"OK\",\"production\",\"Summer '23 Patch 16.4\""
"\"NA226\",\"OK\",\"production\",\"Summer '23 Patch 16.4\""
"\"CS252\",\"OK\",\"sandbox\",\"Summer '23 Patch 16.4\""
"\"CS251\",\"OK\",\"sandbox\",\"Summer '23 Patch 16.4\""
"\"DEU46\",\"OK\",\"production\",\"Summer '23 Patch 16.4\""
"\"DEU48S\",\"OK\",\"sandbox\",\"Summer '23 Patch 16.4\""
"\"DEU50S\",\"OK\",\"sandbox\",\"Summer '23 Patch 16.4\""
"\"CS246\",\"OK\",\"sandbox\",\"Summer '23 Patch 16.4\""
"\"CS238\",\"OK\",\"sandbox\",\"Summer '23 Patch 16.4\""
"\"CS249\",\"OK\",\"sandbox\",\"Summer '23 Patch 16.4\""
"\"CS243\",\"OK\",\"sandbox\",\"Summer '23 Patch 16.4\""
"\"CS244\",\"OK\",\"sandbox\",\"Summer '23 Patch 16.4\""
"\"CS245\",\"OK\",\"sandbox\",\"Summer '23 Patch 16.4\""
"\"CS241\",\"OK\",\"sandbox\",\"Summer '23 Patch 16.4\""
"\"CS247\",\"OK\",\"sandbox\",\"Summer '23 Patch 16.4\""
"\"CS248\",\"OK\",\"sandbox\",\"Summer '23 Patch 16.4\""
"\"CS250\",\"OK\",\"sandbox\",\"Summer '23 Patch 16.4\""
"\"CS242\",\"OK\",\"sandbox\",\"Summer '23 Patch 16.4\""
"\"CAN34\",\"OK\",\"production\",\"Summer '23 Patch 16.4\""
"\"AUS58\",\"OK\",\"production\",\"Summer '23 Patch 16.4\""
"\"AUS60\",\"OK\",\"production\",\"Summer '23 Patch 16.4\""
"\"AUS62\",\"OK\",\"production\",\"Summer '23 Patch 16.4\""
"\"AUS64\",\"OK\",\"production\",\"Summer '23 Patch 16.4\""
"\"DEU52\",\"OK\",\"production\",\"Summer '23 Patch 16.4\""
"\"CS237\",\"OK\",\"sandbox\",\"Summer '23 Patch 16.4\""
"\"CS364\",\"OK\",\"sandbox\",\"Summer '23 Patch 16.4\""
"\"CS365\",\"OK\",\"sandbox\",\"Summer '23 Patch 16.4\""
"\"CS263\",\"OK\",\"sandbox\",\"Summer '23 Patch 16.4\""
"\"CS264\",\"OK\",\"sandbox\",\"Summer '23 Patch 16.4\""
"\"CS254\",\"OK\",\"sandbox\",\"Summer '23 Patch 16.4\""
"\"CS255\",\"OK\",\"sandbox\",\"Summer '23 Patch 16.4\""
"\"CS256\",\"OK\",\"sandbox\",\"Summer '23 Patch 16.4\""
"\"CS257\",\"OK\",\"sandbox\",\"Summer '23 Patch 16.4\""
"\"CS260\",\"OK\",\"sandbox\",\"Summer '23 Patch 16.4\""
"\"CS261\",\"OK\",\"sandbox\",\"Summer '23 Patch 16.4\""
"\"CS262\",\"OK\",\"sandbox\",\"Summer '23 Patch 16.4\""
"\"CS269\",\"OK\",\"sandbox\",\"Summer '23 Patch 16.4\""
"\"CS236\",\"OK\",\"sandbox\",\"Summer '23 Patch 16.4\""
"\"CS253\",\"OK\",\"sandbox\",\"Summer '23 Patch 16.4\""
"\"CS240\",\"OK\",\"sandbox\",\"Summer '23 Patch 16.4\""
"\"CS258\",\"OK\",\"sandbox\",\"Summer '23 Patch 16.4\""
"\"CS239\",\"OK\",\"sandbox\",\"Summer '23 Patch 16.4\""
"\"CS266\",\"OK\",\"sandbox\",\"Summer '23 Patch 16.4\""
"\"CS267\",\"OK\",\"sandbox\",\"Summer '23 Patch 16.4\""
"\"CS268\",\"OK\",\"sandbox\",\"Summer '23 Patch 16.4\""
"\"CS270\",\"OK\",\"sandbox\",\"Summer '23 Patch 16.4\""
"\"CS271\",\"OK\",\"sandbox\",\"Summer '23 Patch 16.4\""
"\"CS265\",\"OK\",\"sandbox\",\"Summer '23 Patch 16.4\""
"\"CS259\",\"OK\",\"sandbox\",\"Summer '23 Patch 16.4\""
"\"IND58\",\"OK\",\"production\",\"Summer '23 Patch 16.2\""
"\"IND62\",\"OK\",\"production\",\"Summer '23 Patch 16.2\""
"\"IND60\",\"OK\",\"production\",\"Summer '23 Patch 16.2\""
"\"IND74\",\"OK\",\"production\",\"Summer '23 Patch 16.2\""
"\"IND66\",\"OK\",\"production\",\"Summer '23 Patch 16.2\""
"\"JPN132\",\"OK\",\"production\",\"Summer '23 Patch 16.4\""
"\"IND70\",\"OK\",\"production\",\"Summer '23 Patch 16.2\""
"\"IND72\",\"OK\",\"production\",\"Summer '23 Patch 16.2\""
"\"IND76\",\"OK\",\"production\",\"Summer '23 Patch 16.2\""
"\"IND68\",\"OK\",\"production\",\"Summer '23 Patch 16.2\""
"\"NA232\",\"OK\",\"production\",\"Summer '23 Patch 16.2\""
"\"CS272\",\"OK\",\"sandbox\",\"Summer '23 Patch 16.4\""
"\"CS282\",\"OK\",\"sandbox\",\"Summer '23 Patch 16.4\""
"\"CS278\",\"OK\",\"sandbox\",\"Summer '23 Patch 16.4\""
"\"CS279\",\"OK\",\"sandbox\",\"Summer '23 Patch 16.4\""
"\"CS276\",\"OK\",\"sandbox\",\"Summer '23 Patch 16.4\""
"\"CS273\",\"OK\",\"sandbox\",\"Summer '23 Patch 16.4\""
"\"CS280\",\"OK\",\"sandbox\",\"Summer '23 Patch 16.4\""
"\"CS274\",\"OK\",\"sandbox\",\"Summer '23 Patch 16.4\""
"\"CS277\",\"OK\",\"sandbox\",\"Summer '23 Patch 16.4\""
"\"CS281\",\"OK\",\"sandbox\",\"Summer '23 Patch 16.4\""
"\"CS314\",\"OK\",\"sandbox\",\"Summer '23 Patch 16.4\""
"\"CS315\",\"OK\",\"sandbox\",\"Summer '23 Patch 16.4\""
"\"CS275\",\"OK\",\"sandbox\",\"Summer '23 Patch 16.4\""
"\"CS283\",\"OK\",\"sandbox\",\"Summer '23 Patch 16.4\""
"\"NA231\",\"OK\",\"production\",\"Summer '23 Patch 16.4\""
"\"NA233\",\"OK\",\"production\",\"Summer '23 Patch 16.2\""
"\"NA234\",\"OK\",\"production\",\"Summer '23 Patch 16.2\""
"\"NA235\",\"OK\",\"production\",\"Summer '23 Patch 16.4\""
"\"NA236\",\"OK\",\"production\",\"Summer '23 Patch 16.4\""
"\"NA237\",\"OK\",\"production\",\"Summer '23 Patch 16.4\""
"\"NA238\",\"OK\",\"production\",\"Summer '23 Patch 16.2\""
"\"GBR38\",\"OK\",\"production\",\"Summer '23 Patch 16.4\""
"\"USA228\",\"OK\",\"production\",\"Summer '23 Patch 16.4\""
"\"USA236\",\"OK\",\"production\",\"Summer '23 Patch 16.4\""
"\"USA224S\",\"OK\",\"sandbox\",\"Summer '23 Patch 16.4\""
"\"USA232\",\"OK\",\"production\",\"Summer '23 Patch 16.4\""
"\"USA238\",\"OK\",\"production\",\"Summer '23 Patch 16.4\""
"\"USA234\",\"OK\",\"production\",\"Summer '23 Patch 16.4\""
"\"USA226\",\"OK\",\"production\",\"Summer '23 Patch 16.4\""
"\"USA230\",\"OK\",\"production\",\"Summer '23 Patch 16.4\""
"\"GBR34\",\"OK\",\"production\",\"Summer '23 Patch 16.4\""
"\"GBR36\",\"OK\",\"production\",\"Summer '23 Patch 16.4\""
"\"CAN36\",\"OK\",\"production\",\"Summer '23 Patch 16.4\""
"\"BRA14\",\"OK\",\"production\",\"Summer '23 Patch 16.4\""
"\"BRA18\",\"OK\",\"production\",\"Summer '23 Patch 16.4\""
"\"BRA16\",\"OK\",\"production\",\"Summer '23 Patch 16.4\""
"\"IND64\",\"OK\",\"production\",\"Summer '23 Patch 16.2\""
"\"CS384\",\"OK\",\"sandbox\",\"Summer '23 Patch 16\""
"\"CS385\",\"OK\",\"sandbox\",\"Summer '23 Patch 16\""
"\"NA291\",\"OK\",\"production\",\"Summer '23 Patch 16\""
"\"AUS66\",\"OK\",\"production\",\"Summer '23 Patch 16.4\""
"\"IND78\",\"OK\",\"production\",\"Summer '23 Patch 16.2\""
"\"IND82\",\"OK\",\"production\",\"Summer '23 Patch 16.2\""
"\"IND84\",\"OK\",\"production\",\"Summer '23 Patch 16.2\""
"\"USA250S\",\"OK\",\"sandbox\",\"Summer '23 Patch 16.4\""
"\"USA262S\",\"OK\",\"sandbox\",\"Summer '23 Patch 16.4\""
"\"USA248S\",\"OK\",\"sandbox\",\"Summer '23 Patch 16.4\""
"\"USA246S\",\"OK\",\"sandbox\",\"Winter '24 Patch 1.4\""
"\"USA242S\",\"OK\",\"sandbox\",\"Summer '23 Patch 16.4\""
"\"USA258S\",\"OK\",\"sandbox\",\"Summer '23 Patch 16.4\""
"\"USA244S\",\"OK\",\"sandbox\",\"Summer '23 Patch 16.4\""
"\"USA254S\",\"OK\",\"sandbox\",\"Summer '23 Patch 16.4\""
"\"USA256S\",\"OK\",\"sandbox\",\"Summer '23 Patch 16.4\""
"\"USA268S\",\"OK\",\"sandbox\",\"Summer '23 Patch 16.4\""
"\"USA270S\",\"OK\",\"sandbox\",\"Summer '23 Patch 16.4\""
"\"USA240S\",\"OK\",\"sandbox\",\"Summer '23 Patch 16.4\""
"\"USA252S\",\"OK\",\"sandbox\",\"Summer '23 Patch 16.4\""
"\"USA260S\",\"OK\",\"sandbox\",\"Summer '23 Patch 16.4\""
"\"GBR58\",\"OK\",\"production\",\"Summer '23 Patch 16.4\""
"\"GBR40S\",\"OK\",\"sandbox\",\"Summer '23 Patch 16.4\""
"\"GBR42S\",\"OK\",\"sandbox\",\"Summer '23 Patch 16.4\""
"\"GBR44S\",\"OK\",\"sandbox\",\"Summer '23 Patch 16.4\""
"\"AUS88\",\"OK\",\"production\",\"Summer '23 Patch 16.4\""
"\"SWE30S\",\"OK\",\"sandbox\",\"Summer '23 Patch 16.4\""
"\"SWE6S\",\"OK\",\"sandbox\",\"Summer '23 Patch 16.4\""
"\"DEU54\",\"OK\",\"production\",\"Summer '23 Patch 16.4\""
"\"AUS80S\",\"OK\",\"sandbox\",\"Summer '23 Patch 16.4\""
"\"USA312\",\"OK\",\"production\",\"Summer '23 Patch 16.4\""
"\"USA326\",\"OK\",\"production\",\"Summer '23 Patch 16.4\""
"\"USA354\",\"OK\",\"production\",\"Summer '23 Patch 16.4\""
"\"USA314\",\"OK\",\"production\",\"Summer '23 Patch 16.4\""
"\"USA346\",\"OK\",\"production\",\"Summer '23 Patch 16.4\""
"\"USA272\",\"OK\",\"production\",\"Summer '23 Patch 16.4\""
"\"USA360\",\"OK\",\"production\",\"Summer '23 Patch 16.4\""
"\"USA356\",\"OK\",\"production\",\"Summer '23 Patch 16.4\""
"\"USA300\",\"OK\",\"production\",\"Summer '23 Patch 16.4\""
"\"USA276\",\"OK\",\"production\",\"Summer '23 Patch 16.4\""
"\"USA316\",\"OK\",\"production\",\"Summer '23 Patch 16.4\""
"\"USA318\",\"OK\",\"production\",\"Summer '23 Patch 16.4\""
"\"USA336\",\"OK\",\"production\",\"Summer '23 Patch 16.4\""
"\"USA342\",\"OK\",\"production\",\"Summer '23 Patch 16.4\""
"\"USA344\",\"OK\",\"production\",\"Summer '23 Patch 16.4\""
"\"USA332\",\"OK\",\"production\",\"Summer '23 Patch 16.4\""
"\"USA340\",\"OK\",\"production\",\"Summer '23 Patch 16.4\""
"\"USA288\",\"OK\",\"production\",\"Summer '23 Patch 16.4\""
"\"USA352\",\"OK\",\"production\",\"Summer '23 Patch 16.4\""
"\"USA290\",\"OK\",\"production\",\"Summer '23 Patch 16.4\""
"\"USA274\",\"OK\",\"production\",\"Summer '23 Patch 16.4\""
"\"USA282\",\"OK\",\"production\",\"Summer '23 Patch 16.4\""
"\"USA324\",\"OK\",\"production\",\"Summer '23 Patch 16.4\""
"\"USA292\",\"OK\",\"production\",\"Summer '23 Patch 16.4\""
"\"USA294\",\"OK\",\"production\",\"Summer '23 Patch 16.4\""
"\"USA350\",\"OK\",\"production\",\"Summer '23 Patch 16.4\""
"\"GBR54\",\"OK\",\"production\",\"Summer '23 Patch 16.4\""
"\"GBR48\",\"OK\",\"production\",\"Summer '23 Patch 16.4\""
"\"GBR52\",\"OK\",\"production\",\"Summer '23 Patch 16.4\""
"\"GBR56\",\"OK\",\"production\",\"Summer '23 Patch 16.4\""
"\"SWE18\",\"OK\",\"production\",\"Summer '23 Patch 16.4\""
"\"SWE16\",\"OK\",\"production\",\"Summer '23 Patch 16.4\""
"\"SWE8\",\"OK\",\"production\",\"Summer '23 Patch 16.4\""
"\"SWE22\",\"OK\",\"production\",\"Summer '23 Patch 16.4\""
"\"SWE26\",\"OK\",\"production\",\"Summer '23 Patch 16.4\""
"\"SWE14\",\"OK\",\"production\",\"Summer '23 Patch 16.4\""
"\"SWE20\",\"OK\",\"production\",\"Summer '23 Patch 16.4\""
"\"SWE24\",\"OK\",\"production\",\"Summer '23 Patch 16.4\""
"\"USA348\",\"OK\",\"production\",\"Summer '23 Patch 16.4\""
"\"USA286\",\"OK\",\"production\",\"Summer '23 Patch 16.4\""
"\"USA320\",\"OK\",\"production\",\"Summer '23 Patch 16.4\""
"\"USA322\",\"OK\",\"production\",\"Summer '23 Patch 16.4\""
"\"USA278\",\"OK\",\"production\",\"Summer '23 Patch 16.4\""
"\"USA328\",\"OK\",\"production\",\"Summer '23 Patch 16.4\""
"\"USA358\",\"OK\",\"production\",\"Summer '23 Patch 16.4\""
"\"USA280\",\"OK\",\"production\",\"Summer '23 Patch 16.4\""
"\"USA334\",\"OK\",\"production\",\"Summer '23 Patch 16.4\""
"\"USA338\",\"OK\",\"production\",\"Summer '23 Patch 16.4\""
"\"USA296\",\"OK\",\"production\",\"Summer '23 Patch 16.4\""
"\"USA302\",\"OK\",\"production\",\"Summer '23 Patch 16.4\""
"\"USA304\",\"OK\",\"production\",\"Summer '23 Patch 16.4\""
"\"USA330\",\"OK\",\"production\",\"Summer '23 Patch 16.4\""
"\"SWE28S\",\"OK\",\"sandbox\",\"Summer '23 Patch 16.4\""
"\"AUS74\",\"OK\",\"production\",\"Summer '23 Patch 16.4\""
"\"AUS76\",\"OK\",\"production\",\"Summer '23 Patch 16.4\""
"\"AUS70\",\"OK\",\"production\",\"Summer '23 Patch 16.4\""
"\"CAN50\",\"OK\",\"production\",\"Summer '23 Patch 16.4\""
"\"CAN46\",\"OK\",\"production\",\"Summer '23 Patch 16.4\""
"\"CAN42\",\"OK\",\"production\",\"Summer '23 Patch 16.4\""
"\"CAN48\",\"OK\",\"production\",\"Summer '23 Patch 16.4\""
"\"GBR46\",\"OK\",\"production\",\"Summer '23 Patch 16.4\""
"\"GBR50\",\"OK\",\"production\",\"Summer '23 Patch 16.4\""
"\"AUS72\",\"OK\",\"production\",\"Summer '23 Patch 16.4\""
"\"CAN44\",\"OK\",\"production\",\"Summer '23 Patch 16.4\""
"\"CAN38\",\"OK\",\"production\",\"Summer '23 Patch 16.4\""
"\"CAN40\",\"OK\",\"production\",\"Summer '23 Patch 16.4\""
"\"AUS68\",\"OK\",\"production\",\"Summer '23 Patch 16.4\""
"\"IND88\",\"OK\",\"production\",\"Summer '23 Patch 16.1\""
"\"CAN52\",\"OK\",\"production\",\"Summer '23 Patch 16.4\""
"\"IND80\",\"OK\",\"production\",\"Summer '23 Patch 16.2\""
"\"SWE12\",\"OK\",\"production\",\"Summer '23 Patch 16.4\""
"\"SWE10\",\"OK\",\"production\",\"Summer '23 Patch 16.4\""
"\"IND86\",\"OK\",\"production\",\"Summer '23 Patch 16.2\""
"\"IND90\",\"OK\",\"production\",\"Summer '23 Patch 16.2\""
"\"IND92\",\"OK\",\"production\",\"Summer '23 Patch 16.2\""
"\"IND94\",\"OK\",\"production\",\"Summer '23 Patch 16.2\""
"\"SWE34\",\"OK\",\"production\",\"Summer '23 Patch 16.4\""
"\"SWE38\",\"OK\",\"production\",\"Summer '23 Patch 16.4\""
"\"SWE32\",\"OK\",\"production\",\"Summer '23 Patch 16.4\""
"\"SWE40\",\"OK\",\"production\",\"Summer '23 Patch 16.4\""
"\"SWE36\",\"OK\",\"production\",\"Summer '23 Patch 16.4\""
"\"SWE46\",\"OK\",\"production\",\"Summer '23 Patch 16.4\""
"\"SWE42\",\"OK\",\"production\",\"Summer '23 Patch 16.4\""
"\"USA408\",\"OK\",\"production\",\"Summer '23 Patch 16.4\""
"\"DEU58\",\"OK\",\"production\",\"Summer '23 Patch 16.4\""
"\"DEU56\",\"OK\",\"production\",\"Summer '23 Patch 16.4\""
"\"SGP14\",\"OK\",\"production\",\"Summer '23 Patch 16.4\""
"\"CAN54\",\"OK\",\"production\",\"Summer '23 Patch 16.4\""
"\"GBR60S\",\"OK\",\"sandbox\",\"Summer '23 Patch 16.4\""
"\"GBR62S\",\"OK\",\"sandbox\",\"Summer '23 Patch 16.4\""
"\"USA434S\",\"OK\",\"sandbox\",\"Summer '23 Patch 16.4\""
"\"USA432S\",\"OK\",\"sandbox\",\"Summer '23 Patch 16.4\""
"\"USA488S\",\"OK\",\"sandbox\",\"Summer '23 Patch 16.4\""
"\"USA490S\",\"OK\",\"sandbox\",\"Summer '23 Patch 16.4\""
"\"USA366S\",\"OK\",\"sandbox\",\"Summer '23 Patch 16.4\""
"\"JPN136\",\"OK\",\"production\",\"Summer '23 Patch 16.4\""
"\"SWE44S\",\"OK\",\"sandbox\",\"Summer '23 Patch 16.4\""
"\"AUS82\",\"OK\",\"production\",\"Summer '23 Patch 16.4\""
"\"AUS84\",\"OK\",\"production\",\"Summer '23 Patch 16.4\""
"\"AUS86\",\"OK\",\"production\",\"Summer '23 Patch 16.4\""
"\"AUS90\",\"OK\",\"production\",\"Summer '23 Patch 16.4\""
"\"AUS92\",\"OK\",\"production\",\"Summer '23 Patch 16.4\""
"\"AUS94\",\"OK\",\"production\",\"Summer '23 Patch 16.4\""
"\"GBR64\",\"OK\",\"production\",\"Summer '23 Patch 16.4\""
"\"JPN134\",\"OK\",\"production\",\"Summer '23 Patch 16.4\""
"\"JPN138\",\"OK\",\"production\",\"Summer '23 Patch 16.4\""
"\"JPN140\",\"OK\",\"production\",\"Summer '23 Patch 16.4\""
"\"JPN142\",\"OK\",\"production\",\"Summer '23 Patch 16.4\""
"\"USA374\",\"OK\",\"production\",\"Summer '23 Patch 16.4\""
"\"USA410\",\"OK\",\"production\",\"Summer '23 Patch 16.4\""
"\"USA412\",\"OK\",\"production\",\"Summer '23 Patch 16.4\""
"\"USA414\",\"OK\",\"production\",\"Summer '23 Patch 16.4\""
"\"USA416\",\"OK\",\"production\",\"Summer '23 Patch 16.4\""
"\"USA418\",\"OK\",\"production\",\"Summer '23 Patch 16.4\""
"\"USA420\",\"OK\",\"production\",\"Summer '23 Patch 16.4\""
"\"USA422\",\"OK\",\"production\",\"Summer '23 Patch 16.4\""
"\"USA424\",\"OK\",\"production\",\"Summer '23 Patch 16.4\""
"\"USA426\",\"OK\",\"production\",\"Summer '23 Patch 16.4\""
"\"USA428\",\"OK\",\"production\",\"Summer '23 Patch 16.4\""
"\"USA430\",\"OK\",\"production\",\"Summer '23 Patch 16.4\""
"\"USA440\",\"OK\",\"production\",\"Summer '23 Patch 16.4\""
"\"USA452\",\"OK\",\"production\",\"Summer '23 Patch 16.4\""
"\"USA454\",\"OK\",\"production\",\"Summer '23 Patch 16.4\""
"\"USA456\",\"OK\",\"production\",\"Summer '23 Patch 16.4\""
"\"USA460\",\"OK\",\"production\",\"Summer '23 Patch 16.4\""
"\"USA462\",\"OK\",\"production\",\"Summer '23 Patch 16.4\""
"\"USA464\",\"OK\",\"production\",\"Summer '23 Patch 16.4\""
"\"USA466\",\"OK\",\"production\",\"Summer '23 Patch 16.4\""
"\"USA468\",\"OK\",\"production\",\"Summer '23 Patch 16.4\""
"\"USA470\",\"OK\",\"production\",\"Summer '23 Patch 16.4\""
"\"USA472\",\"OK\",\"production\",\"Summer '23 Patch 16.4\""
"\"USA474\",\"OK\",\"production\",\"Summer '23 Patch 16.4\""
"\"USA476\",\"OK\",\"production\",\"Summer '23 Patch 16.4\""
"\"USA478\",\"OK\",\"production\",\"Summer '23 Patch 16.4\""
"\"USA436\",\"OK\",\"production\",\"Summer '23 Patch 16.4\""
"\"USA438\",\"OK\",\"production\",\"Summer '23 Patch 16.4\""
"\"USA442\",\"OK\",\"production\",\"Summer '23 Patch 16.4\""
"\"USA444\",\"OK\",\"production\",\"Summer '23 Patch 16.4\""
"\"ITA6\",\"OK\",\"production\",\"Summer '23 Patch 16.4\""
"\"ITA2S\",\"OK\",\"production\",\"Summer '23 Patch 16.4\""
"\"IDN2S\",\"OK\",\"production\",\"Summer '23 Patch 16.4\""
"\"IDN6\",\"OK\",\"production\",\"Summer '23 Patch 16.4\""
